window,experiment_week_index,model,target,wape_micro,mae,rmse,forecast_bias,n,train_seconds,peak_memory_mb
1,59,baseline_moyenne_produit,margin_window_xof_7j,0.15434963342474992,11730.402698683412,29172.176392466743,0.032342878557783596,225,0.0043,9.905
1,59,baseline_mediane_produit,margin_window_xof_7j,0.14249512843840492,10829.473333333333,28648.66967752992,0.029590105775212074,225,0.0032,9.905
1,59,GLM_Poisson,margin_window_xof_7j,0.3548374177877272,26967.2542192353,63444.47782956538,0.03977966135322716,225,0.3013,9.905
1,59,GLM_Tweedie,margin_window_xof_7j,0.37304309419260917,28350.865640219337,69971.20266232896,0.04559279425338187,225,0.2415,9.905
1,59,LightGBM_Poisson,margin_window_xof_7j,0.17215969218315497,13083.947612835469,28486.360253876268,0.04120461252275059,225,0.3443,9.905
1,59,LightGBM_Tweedie,margin_window_xof_7j,0.1639420040959866,12459.412339406043,29657.147663344633,0.03508271283086687,225,0.4419,9.905
1,59,LightGBM_L1,margin_window_xof_7j,0.18948999058324648,14401.031266425958,47523.79694745799,-0.021144846969769704,225,0.3768,9.905
1,59,LightGBM_Monotone,margin_window_xof_7j,0.1648757463804429,12530.37572798319,29860.80207475409,0.03389609393938019,225,0.4915,9.905
1,59,CatBoost_MAE,margin_window_xof_7j,0.2538408120542763,19291.62305532243,61452.631085101835,-0.043931339009804136,225,1.1229,9.905
1,59,Hurdle_zero_positif,margin_window_xof_7j,0.16418583481039972,12477.943206029498,29013.65197673551,0.046170977312387534,225,0.6067,9.905
1,59,S_learner,margin_window_xof_7j,0.1639420040959866,12459.412339406043,29657.147663344633,0.03508271283086687,225,0.3258,9.905
1,59,T_learner,margin_window_xof_7j,0.1423012220074481,10814.736657446787,26603.01146058778,0.02816971769899873,225,0.8088,9.905
1,59,Ensemble_contraint,margin_window_xof_7j,0.15527026914908312,11800.370003079295,28137.9780146286,0.03607892965025549,225,0.0,9.905
2,60,baseline_moyenne_produit,margin_window_xof_7j,0.16528972044509493,13585.421501097513,38080.89728616379,0.00759248899377653,195,0.0047,10.103
2,60,baseline_mediane_produit,margin_window_xof_7j,0.15750105631895867,12945.258974358974,38682.201292845995,0.0027499545152675216,195,0.0039,10.103
2,60,GLM_Poisson,margin_window_xof_7j,0.32450572111150006,26671.63444251655,71881.88243405632,0.05680184065917472,195,0.3219,10.103
2,60,GLM_Tweedie,margin_window_xof_7j,0.33582440202420183,27601.934588353863,76194.89478691459,0.05938422256554321,195,0.2107,10.103
2,60,LightGBM_Poisson,margin_window_xof_7j,0.1895537012810645,15579.716161791164,39516.290858720655,0.012876127002403316,195,0.357,10.103
2,60,LightGBM_Tweedie,margin_window_xof_7j,0.17621264708097095,14483.19398189273,39109.39222260291,0.007618830341864654,195,0.3634,10.103
2,60,LightGBM_L1,margin_window_xof_7j,0.18976913310772583,15597.42284168671,48016.37517607989,-0.04469189651929309,195,0.3612,10.103
2,60,LightGBM_Monotone,margin_window_xof_7j,0.17688539384261562,14538.488093927223,39649.02397117443,0.0067462301897148235,195,0.3919,10.103
2,60,CatBoost_MAE,margin_window_xof_7j,0.2647791623756075,21762.614855259835,69369.1598802931,-0.07088374287312785,195,1.0909,10.103
2,60,Hurdle_zero_positif,margin_window_xof_7j,0.1637799149944072,13461.328221872318,37492.228291021245,0.013359347957473636,195,0.5092,10.103
2,60,S_learner,margin_window_xof_7j,0.17621264708097095,14483.19398189273,39109.39222260291,0.007618830341864654,195,0.3958,10.103
2,60,T_learner,margin_window_xof_7j,0.16300552401128848,13397.679811771633,40960.2771681313,0.006349099849901405,195,0.8365,10.103
2,60,Ensemble_contraint,margin_window_xof_7j,0.16717454195675457,13740.33793886073,38992.15749163715,0.008818225999029967,195,0.0,10.103
3,61,baseline_moyenne_produit,margin_window_xof_7j,0.1226809036028833,8954.350681268534,24467.80211929287,-0.013777766855572533,233,0.0043,9.076
3,61,baseline_mediane_produit,margin_window_xof_7j,0.10974263493105489,8010.0,23613.646210851144,-0.014987922800475537,233,0.0047,9.076
3,61,GLM_Poisson,margin_window_xof_7j,0.3219293465922768,23497.28588004252,68366.71310924145,0.030607983122613824,233,0.2593,9.076
3,61,GLM_Tweedie,margin_window_xof_7j,0.34413975192368856,25118.400106217025,76333.1646118011,0.032720344502651544,233,0.2463,9.076
3,61,LightGBM_Poisson,margin_window_xof_7j,0.16891873303338892,12329.20143066989,29374.186135449592,-0.0023209943236078058,233,0.3624,9.076
3,61,LightGBM_Tweedie,margin_window_xof_7j,0.14230188718786993,10386.465725840593,27447.81574787974,-0.009841842648753126,233,0.354,9.076
3,61,LightGBM_L1,margin_window_xof_7j,0.20046638068742945,14631.83119591673,57905.0777194588,-0.08777095644702257,233,0.4482,9.076
3,61,LightGBM_Monotone,margin_window_xof_7j,0.14206078588647167,10368.8679943353,27229.15143408346,-0.009524290576984682,233,0.5097,9.076
3,61,CatBoost_MAE,margin_window_xof_7j,0.2585307271700717,18869.88704010306,65750.9566928438,-0.07658422434342678,233,1.0843,9.076
3,61,Hurdle_zero_positif,margin_window_xof_7j,0.14777164582830474,10785.697681018339,28496.584347542674,-0.0056774278839767656,233,0.5526,9.076
3,61,S_learner,margin_window_xof_7j,0.14230188718786993,10386.465725840593,27447.81574787974,-0.009841842648753126,233,0.3455,9.076
3,61,T_learner,margin_window_xof_7j,0.13875177824090787,10127.346991512488,28259.522907688613,-0.010588132731792405,233,0.7818,9.076
3,61,Ensemble_contraint,margin_window_xof_7j,0.14117326846149747,10304.089026903821,27683.239779206662,-0.0085966170642513,233,0.0,9.076
4,62,baseline_moyenne_produit,margin_window_xof_7j,0.13236822816266536,8468.724005778367,23392.267481622515,0.02128148922239682,299,0.0032,10.493
4,62,baseline_mediane_produit,margin_window_xof_7j,0.12796402889995645,8186.94983277592,24792.625099804678,0.012178365242643343,299,0.004,10.493
4,62,GLM_Poisson,margin_window_xof_7j,0.3358291112051564,21485.851215046234,51486.64235029201,0.04215117404189222,299,0.2605,10.493
4,62,GLM_Tweedie,margin_window_xof_7j,0.3508187650731613,22444.86716103505,55885.092755652346,0.04172128076149671,299,0.217,10.493
4,62,LightGBM_Poisson,margin_window_xof_7j,0.17548275080663853,11227.127574223763,26600.591018907064,0.03228288934190105,299,0.3395,10.493
4,62,LightGBM_Tweedie,margin_window_xof_7j,0.1581639318018878,10119.095078109784,25882.309366399302,0.021086011074546187,299,0.3126,10.493
4,62,LightGBM_L1,margin_window_xof_7j,0.20752985917968048,13277.454301125661,45435.32563864687,-0.040545489199375166,299,0.3642,10.493
4,62,LightGBM_Monotone,margin_window_xof_7j,0.1565892256665106,10018.347702128234,25980.732835686358,0.020504291386819664,299,0.4015,10.493
4,62,CatBoost_MAE,margin_window_xof_7j,0.2505852180651663,16032.072659564637,56555.99852987215,-0.03654020671096125,299,1.1552,10.493
4,62,Hurdle_zero_positif,margin_window_xof_7j,0.154028706610863,9854.529469499417,25578.638992369004,0.026843029136813617,299,0.5808,10.493
4,62,S_learner,margin_window_xof_7j,0.1581639318018878,10119.095078109784,25882.309366399302,0.021086011074546187,299,0.3891,10.493
4,62,T_learner,margin_window_xof_7j,0.14165023964711432,9062.57341036256,24213.091594615118,0.013599223515052699,299,0.8491,10.493
4,62,Ensemble_contraint,margin_window_xof_7j,0.14916849690894585,9543.580421173698,24996.468402712027,0.02031551467956199,299,0.0,10.493
5,63,baseline_moyenne_produit,margin_window_xof_7j,0.1454849264984216,9444.754856391477,27872.293856244305,-0.0016816170399743618,300,0.0029,10.787
5,63,baseline_mediane_produit,margin_window_xof_7j,0.13922937661056148,9038.65,27620.930933472657,-0.00372396652060289,300,0.0033,10.787
5,63,GLM_Poisson,margin_window_xof_7j,0.3431687876628097,22278.21913822434,62497.61327469885,0.01621036071178108,300,0.3029,10.787
5,63,GLM_Tweedie,margin_window_xof_7j,0.3595376166118948,23340.86927271776,69281.96175801515,0.017299230148580383,300,0.2858,10.787
5,63,LightGBM_Poisson,margin_window_xof_7j,0.16583897385443147,10766.121902722436,28453.314118130707,0.0086670098684526,300,0.3484,10.787
5,63,LightGBM_Tweedie,margin_window_xof_7j,0.15083337446434963,9791.971445189794,28639.580867031273,-0.0022038565778110053,300,0.3705,10.787
5,63,LightGBM_L1,margin_window_xof_7j,0.20423900815943621,13259.0187217735,54046.76791057724,-0.07616189035717362,300,0.4176,10.787
5,63,LightGBM_Monotone,margin_window_xof_7j,0.15128416010515344,9821.23605680727,29184.35105570683,-0.0026916232225594277,300,0.4335,10.787
5,63,CatBoost_MAE,margin_window_xof_7j,0.2548923367148596,16547.388743195745,59230.266477242076,-0.07181427891011757,300,1.1023,10.787
5,63,Hurdle_zero_positif,margin_window_xof_7j,0.15020202609279779,9750.984858181731,28896.44533721127,0.0017452614998565135,300,0.5726,10.787
5,63,S_learner,margin_window_xof_7j,0.15083337446434963,9791.971445189794,28639.580867031273,-0.0022038565778110053,300,0.3601,10.787
5,63,T_learner,margin_window_xof_7j,0.13826459178977837,8976.017008797555,28030.593934576988,-0.005214057805029619,300,0.8133,10.787
5,63,Ensemble_contraint,margin_window_xof_7j,0.14454103036731478,9383.477940749655,28493.018705658633,-0.0020534731759108693,300,0.0,10.787
6,64,baseline_moyenne_produit,margin_window_xof_7j,0.11132053244902824,7359.952550046205,18172.712264057667,-0.019389412129378836,300,0.0034,11.071
6,64,baseline_mediane_produit,margin_window_xof_7j,0.10618617934579405,7020.495,19541.852439337305,-0.023683974096029098,300,0.0032,11.071
6,64,GLM_Poisson,margin_window_xof_7j,0.32026126766813906,21174.060901428307,51847.016820388635,0.00048735106229741854,300,0.3344,11.071
6,64,GLM_Tweedie,margin_window_xof_7j,0.3334905786158729,22048.71626556529,57730.19395453751,0.00038928685631893793,300,0.2727,11.071
6,64,LightGBM_Poisson,margin_window_xof_7j,0.15343032285159652,10144.03965812039,21902.751598661565,-0.012897259165599605,300,0.3601,11.071
6,64,LightGBM_Tweedie,margin_window_xof_7j,0.13371124982453395,8840.31393369907,21293.622632746916,-0.023034872081798764,300,0.3417,11.071
6,64,LightGBM_L1,margin_window_xof_7j,0.1817722123641132,12017.862549564848,41674.78570040575,-0.08585082288449469,300,0.3605,11.071
6,64,LightGBM_Monotone,margin_window_xof_7j,0.13471079378419523,8906.398742610316,21437.073659539576,-0.022272382906168085,300,0.4275,11.071
6,64,CatBoost_MAE,margin_window_xof_7j,0.25159208697224683,16634.000766486617,56108.4371528671,-0.10185237012127234,300,1.1259,11.071
6,64,Hurdle_zero_positif,margin_window_xof_7j,0.12608286991282655,8335.96390097173,19663.453061502183,-0.01751268289573932,300,0.5578,11.071
6,64,S_learner,margin_window_xof_7j,0.13371124982453395,8840.31393369907,21293.622632746916,-0.023034872081798764,300,0.3963,11.071
6,64,T_learner,margin_window_xof_7j,0.11961586677806035,7908.398247396789,18785.063162374867,-0.024056296484752854,300,0.7876,11.071
6,64,Ensemble_contraint,margin_window_xof_7j,0.12429992438137984,8218.084528477952,19654.970525676068,-0.02128045409555341,300,0.0,11.071
