window,model,target,n_slates,recall@5,ndcg@5,hitrate@5,recall@10,ndcg@10,hitrate@10,recall@20,ndcg@20,hitrate@20,mrr,map@10,coverage_catalogue,diversite,nouveaute,concentration_top10,train_seconds,peak_memory_mb
1,popularite_globale_v1,added_to_cart_after,7133,0.02299172858544792,0.013349241209520541,0.02299172858544792,0.02299172858544792,0.013349241209520541,0.02299172858544792,0.02299172858544792,0.013349241209520541,0.02299172858544792,0.010217767185382493,0.010210757512033273,0.14423076923076922,0.004205804009533156,4.296718115509516,0.9650918267208748,0.0,30.533
1,popularite_recente,added_to_cart_after,7133,0.02299172858544792,0.014732045699380787,0.02299172858544792,0.02299172858544792,0.014732045699380787,0.02299172858544792,0.02299172858544792,0.014732045699380787,0.02299172858544792,0.012098696200757045,0.012026262909481751,0.25,0.007290060283190803,6.179860415817916,0.929342492639843,0.0,30.533
1,popularite_categorie,added_to_cart_after,7133,0.02299172858544792,0.013673061794831935,0.02299172858544792,0.02299172858544792,0.013673061794831935,0.02299172858544792,0.02299172858544792,0.013673061794831935,0.02299172858544792,0.010631337912986587,0.010636011028552736,0.21634615384615385,0.006308706014299734,7.106045279619449,0.9439226132062246,0.0102,30.533
1,cooccurrence,added_to_cart_after,7133,0.02299172858544792,0.013586671780594846,0.02299172858544792,0.02299172858544792,0.013586671780594846,0.02299172858544792,0.02299172858544792,0.013586671780594846,0.02299172858544792,0.010589279872891256,0.010523856254965184,0.35096153846153844,0.010234123089864012,4.933141501705842,0.8955558670965933,1.4876,30.533
1,hybride_popularite_affinite,added_to_cart_after,7133,0.02299172858544792,0.013942545314318175,0.02299172858544792,0.02299172858544792,0.013942545314318175,0.02299172858544792,0.02299172858544792,0.013942545314318175,0.02299172858544792,0.010977148464881539,0.010993504369363055,0.14903846153846154,0.004345997476517594,4.446457645122326,0.9384550679938315,0.0,30.533
1,LightGBM_LambdaRank,added_to_cart_after,7133,0.02299172858544792,0.014992990529366456,0.02299172858544792,0.02299172858544792,0.014992990529366456,0.02299172858544792,0.02299172858544792,0.014992990529366456,0.02299172858544792,0.012334688536847514,0.012351044441329033,0.41346153846153844,0.012056638160661713,8.819391644520271,0.8523762792653863,1.1663,30.533
1,CatBoostRanker,added_to_cart_after,7133,0.02299172858544792,0.015209511462489438,0.02299172858544792,0.02299172858544792,0.015209511462489438,0.02299172858544792,0.02299172858544792,0.015209511462489438,0.02299172858544792,0.012610402355250246,0.012645450721996354,0.4182692307692308,0.012196831627646152,8.324236620202718,0.8216739099957941,8.838,30.533
1,XGBoost_Ranker,added_to_cart_after,7133,0.02299172858544792,0.015020288724117743,0.02299172858544792,0.02299172858544792,0.015020288724117743,0.02299172858544792,0.02299172858544792,0.015020288724117743,0.02299172858544792,0.0123720734613767,0.012395439039207439,0.39903846153846156,0.011636057759708397,8.041208147918475,0.8393382868358334,1.9385,30.533
1,pointwise_conversion,added_to_cart_after,7133,0.02299172858544792,0.014687918245540417,0.02299172858544792,0.02299172858544792,0.014687918245540417,0.02299172858544792,0.02299172858544792,0.014687918245540417,0.02299172858544792,0.011974858638254123,0.011951493060423384,0.3942307692307692,0.01149586429272396,8.066086745062025,0.8384971260339268,0.8092,30.533
1,RRF,added_to_cart_after,7133,0.02299172858544792,0.01396877751830641,0.02299172858544792,0.02299172858544792,0.01396877751830641,0.02299172858544792,0.02299172858544792,0.01396877751830641,0.02299172858544792,0.011051918313939903,0.011044908640590682,0.2692307692307692,0.007850834151128557,4.586613685881461,0.9282209449039674,0.0,30.533
2,popularite_globale_v1,added_to_cart_after,8220,0.02579075425790754,0.01490261336586543,0.02579075425790754,0.02579075425790754,0.01490261336586543,0.02579075425790754,0.02579075425790754,0.01490261336586543,0.02579075425790754,0.011370640713706406,0.011370640713706406,0.15865384615384615,0.0040145985401459855,4.200264705389172,0.9396593673965937,0.0,46.677
2,popularite_recente,added_to_cart_after,8220,0.02579075425790754,0.015782095385014253,0.02579075425790754,0.02579075425790754,0.015782095385014253,0.02579075425790754,0.02579075425790754,0.015782095385014253,0.02579075425790754,0.012510137875101378,0.01249391727493917,0.2644230769230769,0.006690997566909975,6.273421118775781,0.9054744525547446,0.0,46.677
2,popularite_categorie,added_to_cart_after,8220,0.02579075425790754,0.016164293267783538,0.02579075425790754,0.02579075425790754,0.016164293267783538,0.02579075425790754,0.02579075425790754,0.016164293267783538,0.02579075425790754,0.013043390105433901,0.013016017842660179,0.20192307692307693,0.0051094890510948905,6.886029678488476,0.9295620437956205,0.0128,46.677
2,cooccurrence,added_to_cart_after,8220,0.02579075425790754,0.01473649624076455,0.02579075425790754,0.02579075425790754,0.01473649624076455,0.02579075425790754,0.02579075425790754,0.01473649624076455,0.02579075425790754,0.011145579886455799,0.011155717761557176,0.34615384615384615,0.008759124087591242,4.5083130232863216,0.8603406326034063,1.9328,46.677
2,hybride_popularite_affinite,added_to_cart_after,8220,0.02579075425790754,0.015607896249550703,0.02579075425790754,0.02579075425790754,0.015607896249550703,0.02579075425790754,0.02579075425790754,0.015607896249550703,0.02579075425790754,0.012293187347931871,0.012293187347931873,0.16346153846153846,0.00413625304136253,4.319108654189482,0.9021897810218978,0.0,46.677
2,LightGBM_LambdaRank,added_to_cart_after,8220,0.02579075425790754,0.016165104877175342,0.02579075425790754,0.02579075425790754,0.016165104877175342,0.02579075425790754,0.02579075425790754,0.016165104877175342,0.02579075425790754,0.013029197080291969,0.01297242497972425,0.42788461538461536,0.010827250608272505,9.083331540989564,0.7568126520681265,1.6557,46.677
2,CatBoostRanker,added_to_cart_after,8220,0.02579075425790754,0.015592552202770824,0.02579075425790754,0.02579075425790754,0.015592552202770824,0.02579075425790754,0.02579075425790754,0.015592552202770824,0.02579075425790754,0.012293187347931873,0.012246553122465531,0.4326923076923077,0.010948905109489052,7.327719075216168,0.7182481751824817,13.0979,46.677
2,XGBoost_Ranker,added_to_cart_after,8220,0.02579075425790754,0.01640521388642803,0.02579075425790754,0.02579075425790754,0.01640521388642803,0.02579075425790754,0.02579075425790754,0.01640521388642803,0.02579075425790754,0.013347526358475264,0.013331305758313058,0.42788461538461536,0.010827250608272505,9.512512065734542,0.774330900243309,2.5735,46.677
2,pointwise_conversion,added_to_cart_after,8220,0.02579075425790754,0.017193429961622354,0.02579075425790754,0.02579075425790754,0.017193429961622354,0.02579075425790754,0.02579075425790754,0.017193429961622354,0.02579075425790754,0.014375506893755066,0.014353203568532036,0.40865384615384615,0.010340632603406326,8.082403264294717,0.7380778588807786,1.1756,46.677
2,RRF,added_to_cart_after,8220,0.02579075425790754,0.015188316162167967,0.02579075425790754,0.02579075425790754,0.015188316162167967,0.02579075425790754,0.02579075425790754,0.015188316162167967,0.02579075425790754,0.011729521492295213,0.011749797242497974,0.25961538461538464,0.006569343065693431,4.319723027216271,0.917639902676399,0.0,46.677
3,popularite_globale_v1,added_to_cart_after,7635,0.021741977734119188,0.013312749669963524,0.021741977734119188,0.021741977734119188,0.013312749669963524,0.021741977734119188,0.021741977734119188,0.013312749669963524,0.021741977734119188,0.01056756166775813,0.010561012879283998,0.15865384615384615,0.004322200392927309,4.182913589611358,0.9346430910281598,0.0,65.154
3,popularite_recente,added_to_cart_after,7635,0.021741977734119188,0.013932986182277583,0.021741977734119188,0.021741977734119188,0.013932986182277583,0.021741977734119188,0.021741977734119188,0.013932986182277583,0.021741977734119188,0.011410172451429819,0.011320672342283344,0.2403846153846154,0.006548788474132285,5.194516281485482,0.9147347740667976,0.0,65.154
3,popularite_categorie,added_to_cart_after,7635,0.021741977734119188,0.013148576714106911,0.021741977734119188,0.021741977734119188,0.013148576714106911,0.021741977734119188,0.021741977734119188,0.013148576714106911,0.021741977734119188,0.010436585898275487,0.010309975987775595,0.20192307692307693,0.00550098231827112,5.280073745606525,0.9245579567779961,0.0187,65.154
3,cooccurrence,added_to_cart_after,7635,0.021741977734119188,0.013038000104514676,0.021741977734119188,0.021741977734119188,0.013038000104514676,0.021741977734119188,0.021741977734119188,0.013038000104514676,0.021741977734119188,0.010200829513206722,0.01019428072473259,0.34134615384615385,0.009299279633267845,4.4093543136965145,0.9077930582842174,2.7246,65.154
3,hybride_popularite_affinite,added_to_cart_after,7635,0.021741977734119188,0.013371250300950033,0.021741977734119188,0.021741977734119188,0.013371250300950033,0.021741977734119188,0.021741977734119188,0.013371250300950033,0.021741977734119188,0.010641781270464964,0.01063523248199083,0.17307692307692307,0.004715127701375246,4.195145343420092,0.9273084479371316,0.0,65.154
3,LightGBM_LambdaRank,added_to_cart_after,7635,0.021741977734119188,0.013507029614805188,0.021741977734119188,0.021741977734119188,0.013507029614805188,0.021741977734119188,0.021741977734119188,0.013507029614805188,0.021741977734119188,0.010853525431128575,0.01078803754638725,0.4567307692307692,0.012442698100851343,8.199923887288868,0.8316961362148002,2.4478,65.154
3,CatBoostRanker,added_to_cart_after,7635,0.021741977734119188,0.013937560846383517,0.021741977734119188,0.021741977734119188,0.013937560846383517,0.021741977734119188,0.021741977734119188,0.013937560846383517,0.021741977734119188,0.011357782143636759,0.011357782143636759,0.4567307692307692,0.012442698100851343,8.323357908515366,0.7711853307138179,19.1866,65.154
3,XGBoost_Ranker,added_to_cart_after,7635,0.021741977734119188,0.013898574522476316,0.021741977734119188,0.021741977734119188,0.013898574522476316,0.021741977734119188,0.021741977734119188,0.013898574522476316,0.021741977734119188,0.011353416284654007,0.011309757694826457,0.4230769230769231,0.011525867714472823,9.098676606332209,0.8574983628028815,3.761,65.154
3,pointwise_conversion,added_to_cart_after,7635,0.021741977734119188,0.013345294049636521,0.021741977734119188,0.021741977734119188,0.013345294049636521,0.021741977734119188,0.021741977734119188,0.013345294049636521,0.021741977734119188,0.010683256930801134,0.010589390962671905,0.47115384615384615,0.01283562540929928,10.151752135934501,0.8197773411918795,1.5665,65.154
3,RRF,added_to_cart_after,7635,0.021741977734119188,0.013175659067423517,0.021741977734119188,0.021741977734119188,0.013175659067423517,0.021741977734119188,0.021741977734119188,0.013175659067423517,0.021741977734119188,0.010406024885396202,0.010344902859637633,0.23076923076923078,0.006286836935166994,4.222930974436756,0.9244269810085134,0.0,65.154
4,popularite_globale_v1,added_to_cart_after,7934,0.019536173430804132,0.011828442032104456,0.019536173430804132,0.019536173430804132,0.011828442032104456,0.019536173430804132,0.019536173430804132,0.011828442032104456,0.019536173430804132,0.009322745987732124,0.009331148642971179,0.16826923076923078,0.004411394000504159,4.5303535516658355,0.9416435593647593,0.0,82.331
4,popularite_recente,added_to_cart_after,7934,0.019536173430804132,0.012365511631780636,0.019536173430804132,0.019536173430804132,0.012365511631780636,0.019536173430804132,0.019536173430804132,0.012365511631780636,0.019536173430804132,0.010060078984959246,0.009994958406856566,0.27884615384615385,0.007310310057978321,5.772129277630329,0.8652634232417444,0.0,82.331
4,popularite_categorie,added_to_cart_after,7934,0.019536173430804132,0.011601880644793663,0.019536173430804132,0.019536173430804132,0.011601880644793663,0.019536173430804132,0.019536173430804132,0.011601880644793663,0.019536173430804132,0.009049659692462818,0.009011847743887068,0.22596153846153846,0.005923871943534157,6.75321203606937,0.9122762793042601,0.0222,82.331
4,cooccurrence,added_to_cart_after,7934,0.019536173430804132,0.011655996871022076,0.019536173430804132,0.019536173430804132,0.011655996871022076,0.019536173430804132,0.019536173430804132,0.011655996871022076,0.019536173430804132,0.009089572304848331,0.009108478279136207,0.3125,0.008192588858079154,4.770579224660643,0.8826569195865893,3.546,82.331
4,hybride_popularite_affinite,added_to_cart_after,7934,0.019536173430804132,0.012092021015582531,0.019536173430804132,0.019536173430804132,0.012092021015582531,0.019536173430804132,0.019536173430804132,0.012092021015582531,0.019536173430804132,0.009692462818250569,0.009669355516343165,0.1778846153846154,0.004663473657675826,4.497152472588507,0.935089488278296,0.0,82.331
4,LightGBM_LambdaRank,added_to_cart_after,7934,0.019536173430804132,0.01200285682542797,0.019536173430804132,0.019536173430804132,0.01200285682542797,0.019536173430804132,0.019536173430804132,0.01200285682542797,0.019536173430804132,0.009555919670615915,0.009539114360137805,0.44711538461538464,0.01172170405848248,6.38234646322677,0.7752709856314596,2.8208,82.331
4,CatBoostRanker,added_to_cart_after,7934,0.019536173430804132,0.012417783766360439,0.019536173430804132,0.019536173430804132,0.012417783766360439,0.019536173430804132,0.019536173430804132,0.012417783766360439,0.019536173430804132,0.010123098899252163,0.010074783631627593,0.4230769230769231,0.011091504915553314,7.379702717564446,0.7636753214015629,23.9188,82.331
4,XGBoost_Ranker,added_to_cart_after,7934,0.019536173430804132,0.01217756965924151,0.019536173430804132,0.019536173430804132,0.01217756965924151,0.019536173430804132,0.019536173430804132,0.01217756965924151,0.019536173430804132,0.009763885387782537,0.009778590034450885,0.4519230769230769,0.011847743887068314,6.012775474679694,0.8041341063776153,4.8191,82.331
4,pointwise_conversion,added_to_cart_after,7934,0.019536173430804132,0.012275671807792,0.019536173430804132,0.019536173430804132,0.012275671807792,0.019536173430804132,0.019536173430804132,0.012275671807792,0.019536173430804132,0.009906730526846482,0.009885723888748844,0.4951923076923077,0.012982102344340812,8.21015040349595,0.689563902193093,1.9138,82.331
4,RRF,added_to_cart_after,7934,0.019536173430804132,0.011812164104606403,0.019536173430804132,0.019536173430804132,0.011812164104606403,0.019536173430804132,0.019536173430804132,0.011812164104606403,0.019536173430804132,0.009305940677254012,0.009314343332493067,0.2548076923076923,0.006680110915049156,4.692699779122933,0.9043357701033526,0.0,82.331
