window,experiment_week_index,model,target,wape_micro,mae,rmse,forecast_bias,n,margin_error,mean_predicted_margin_xof,train_seconds,peak_memory_mb
1,59,baseline_moyenne_produit,units_sold_window_7j,0.15212180982373089,0.6896188712009134,1.1609728873241287,0.01468129898616886,225,0.16140566166676848,78993.17588776283,0.0033,8.942
1,59,baseline_mediane_produit,units_sold_window_7j,0.14558823529411766,0.66,1.1723670263379316,0.012254901960784314,225,0.15216368914802453,78982.51777777777,0.0094,8.942
1,59,GLM_Poisson,units_sold_window_7j,0.3370583848134485,1.5279980111543,2.1857181038592834,0.043112924702573684,225,0.29976427062175015,81514.48989698906,1.901,8.942
1,59,GLM_Tweedie,units_sold_window_7j,0.34310943338764754,1.5554294313573354,2.2460668356552707,0.0442472324916868,225,0.3066775801947416,83113.87510284423,0.0545,8.942
1,59,LightGBM_Poisson,units_sold_window_7j,0.20556303679375543,0.9318857667983579,1.4569643608259135,0.057074659941649585,225,0.2061154673580639,82445.91405449947,0.4054,8.942
1,59,LightGBM_Tweedie,units_sold_window_7j,0.1885207890243712,0.8546275769104827,1.4218996273508326,0.05287704409861775,225,0.19271819524214973,81983.90213447313,0.3966,8.942
1,59,LightGBM_L1,units_sold_window_7j,0.21037236979649748,0.9536880764107887,1.51626321585343,0.0908295028484193,225,0.2110130980057017,85440.32948688488,0.4103,8.942
1,59,LightGBM_Monotone,units_sold_window_7j,0.19028882430046282,0.8626426701620982,1.4314781704768476,0.057920971217583425,225,0.1915133541787149,82741.90449227103,0.4706,8.942
1,59,CatBoost_Poisson,units_sold_window_7j,0.1908033942840143,0.8649753874208648,1.370091905713134,0.06578217550770822,225,0.19814385640805593,82628.49671939242,1.7399,8.942
1,59,Hurdle_zero_positif,units_sold_window_7j,0.1801735653427047,0.8167868295535946,1.3406521904011726,0.05600007551637652,225,0.19344035423610506,83031.0718288276,0.6282,8.942
1,59,S_learner,units_sold_window_7j,0.1885207890243712,0.8546275769104827,1.4218996273508326,0.05287704409861775,225,0.19271819524214973,81983.90213447313,0.3861,8.942
1,59,T_learner,units_sold_window_7j,0.1678047406380631,0.7607148242258861,1.26068867912362,0.030851964177265323,225,0.1671666778997457,80952.67083229314,0.7728,8.942
1,59,Ensemble_contraint,units_sold_window_7j,0.17646939533296366,0.7999945921761019,1.308548331186181,0.048257670303741756,225,0.18031766465051507,82241.88238446391,0.0,8.942
2,60,baseline_moyenne_produit,units_sold_window_7j,0.1561672360141327,0.6735212589122339,1.1915322702624485,0.014672409260780473,195,0.16528672801437322,82815.36186295823,0.0036,10.124
2,60,baseline_mediane_produit,units_sold_window_7j,0.15338882282996433,0.6615384615384615,1.221600463452635,0.011890606420927468,195,0.16106839456239694,82710.79743589743,0.0046,10.124
2,60,GLM_Poisson,units_sold_window_7j,0.33946321732360224,1.4640439270212795,2.2319102339187715,0.06808719989953813,195,0.30225478594252475,87776.35091617925,0.0542,10.124
2,60,GLM_Tweedie,units_sold_window_7j,0.345836883417478,1.4915324048928154,2.289162292274488,0.06905045018779604,195,0.3181580034348943,89475.38206948094,0.048,10.124
2,60,LightGBM_Poisson,units_sold_window_7j,0.20846053972960613,0.8990528918594808,1.4288223390527799,0.05569821506215258,195,0.17626169316545848,87062.51883935224,0.3914,10.124
2,60,LightGBM_Tweedie,units_sold_window_7j,0.19275707959429836,0.8313266868656662,1.3545472388422526,0.049709658204171836,195,0.16727365058405683,86825.22074740785,0.3679,10.124
2,60,LightGBM_L1,units_sold_window_7j,0.20977111889580782,0.9047051845711506,1.5313050423617207,0.06687630705064919,195,0.17997547178318668,87902.0394754584,0.3757,10.124
2,60,LightGBM_Monotone,units_sold_window_7j,0.1845699699219695,0.7960171523301351,1.3117594920184559,0.04345496544371987,195,0.16563367864341913,86351.88090240059,0.4538,10.124
2,60,CatBoost_Poisson,units_sold_window_7j,0.1840763768492535,0.7938883740011393,1.3100383426691766,0.058288152136836184,195,0.15855395081895032,87289.4860074702,1.6883,10.124
2,60,Hurdle_zero_positif,units_sold_window_7j,0.18189357685204924,0.7844743493978124,1.2590063602462374,0.046091011764094476,195,0.16289075826158858,86797.8624539517,0.6035,10.124
2,60,S_learner,units_sold_window_7j,0.19275707959429836,0.8313266868656662,1.3545472388422526,0.049709658204171836,195,0.16727365058405683,86825.22074740785,0.4388,10.124
2,60,T_learner,units_sold_window_7j,0.17647644996552925,0.7611112534410774,1.2942253841085494,0.015830724531761268,195,0.15422619767465126,84530.81017041187,0.8744,10.124
2,60,Ensemble_contraint,units_sold_window_7j,0.17976795169426685,0.7753069096147611,1.262487681311904,0.03512556724652521,195,0.1598161479273296,85893.51784225472,0.0,10.124
3,61,baseline_moyenne_produit,units_sold_window_7j,0.13105207011118436,0.5371447508848972,0.950898499092904,0.011915600807618245,233,0.12268090360288333,71983.3280151307,0.0042,10.316
3,61,baseline_mediane_produit,units_sold_window_7j,0.11780104712041885,0.48283261802575106,0.9351275417360483,0.007853403141361256,233,0.10974263493105489,71895.0,0.0046,10.316
3,61,GLM_Poisson,units_sold_window_7j,0.338181298598879,1.3861078976906844,2.130432600748,0.09424758394947155,233,0.33636225290943067,77926.87539976666,0.0533,10.316
3,61,GLM_Tweedie,units_sold_window_7j,0.3434734849622294,1.4077990478065625,2.189941398194977,0.0946326564190391,233,0.35235643499402214,79424.8829288159,0.0491,10.316
3,61,LightGBM_Poisson,units_sold_window_7j,0.2069061230328956,0.8480487017013532,1.4092056433419136,0.0679516963667125,233,0.21722334239542251,76424.7469935659,0.4028,10.316
3,61,LightGBM_Tweedie,units_sold_window_7j,0.18889311172954062,0.7742185480760141,1.3333990459049923,0.06311705048738626,233,0.19654146832594122,76515.01755264823,0.3557,10.316
3,61,LightGBM_L1,units_sold_window_7j,0.22202144493606174,0.9100020597164762,1.6192171073128803,0.07703220676178882,233,0.23066191377025816,76911.357444691,0.3975,10.316
3,61,LightGBM_Monotone,units_sold_window_7j,0.18642243911949222,0.764091971498348,1.327657088176175,0.061567782556638646,233,0.1932462769854411,76183.36205542365,0.4798,10.316
3,61,CatBoost_Poisson,units_sold_window_7j,0.1828155324153559,0.7493082980972742,1.2581125185410615,0.0712826618361712,233,0.18228753024879196,77047.54220180742,1.6781,10.316
3,61,Hurdle_zero_positif,units_sold_window_7j,0.17296358100187217,0.7089279822179739,1.218063756099482,0.06770703260078804,233,0.17576553774526513,77022.63844365616,0.6391,10.316
3,61,S_learner,units_sold_window_7j,0.18889311172954062,0.7742185480760141,1.3333990459049923,0.06311705048738626,233,0.19654146832594122,76515.01755264823,0.3553,10.316
3,61,T_learner,units_sold_window_7j,0.16095745073593823,0.6597183066644678,1.139975888815692,0.0389910263055174,233,0.150454024076613,74955.65288160747,0.7994,10.316
3,61,Ensemble_contraint,units_sold_window_7j,0.17174218293262164,0.7039218227495866,1.205985824551756,0.05608861382098133,233,0.1716708926579361,76053.88446022909,0.0,10.316
4,62,baseline_moyenne_produit,units_sold_window_7j,0.13947505445674896,0.5681625964157867,1.042056375045725,0.015725049897977576,299,0.13297115375034033,65378.657665478386,0.0042,10.545
4,62,baseline_mediane_produit,units_sold_window_7j,0.13628899835796388,0.5551839464882943,1.087324352477971,0.0090311986863711,299,0.13154565502983626,64986.82608695652,0.0044,10.545
4,62,GLM_Poisson,units_sold_window_7j,0.3551010645963687,1.4465320959143044,2.200133680117602,0.09985276142813651,299,0.31807403133374407,72037.02874082669,0.0617,10.545
4,62,GLM_Tweedie,units_sold_window_7j,0.36125464048547645,1.4715991709408371,2.270832431668921,0.09637481465449436,299,0.33502768686028656,73137.95486515795,0.053,10.545
4,62,LightGBM_Poisson,units_sold_window_7j,0.206351655973816,0.8405896888833039,1.373641017082822,0.06320685665420638,299,0.19996114385434288,68939.09067156845,0.3561,10.545
4,62,LightGBM_Tweedie,units_sold_window_7j,0.18669636529742112,0.7605223174991937,1.3085012792270794,0.0587531167237946,299,0.18440998336971756,68325.55373460938,0.3581,10.545
4,62,LightGBM_L1,units_sold_window_7j,0.2196747753988966,0.8948624629961741,1.528804994579134,0.0712084436134386,299,0.21254420553582873,69689.62207930961,0.3846,10.545
4,62,LightGBM_Monotone,units_sold_window_7j,0.18575103860077025,0.7566714549021343,1.317819849164576,0.05780930398965433,299,0.18330267815770257,68653.88945595351,0.4294,10.545
4,62,CatBoost_Poisson,units_sold_window_7j,0.19364502614229345,0.788828233582988,1.336788972254828,0.06289881827780883,299,0.18632632934660118,68963.69155156166,1.6112,10.545
4,62,Hurdle_zero_positif,units_sold_window_7j,0.18025243754446998,0.7342724713349981,1.2546651260230754,0.0617993268240483,299,0.1737274408393732,68997.33332331749,0.5979,10.545
4,62,S_learner,units_sold_window_7j,0.18669636529742112,0.7605223174991937,1.3085012792270794,0.0587531167237946,299,0.18440998336971756,68325.55373460938,0.3635,10.545
4,62,T_learner,units_sold_window_7j,0.1623066831235459,0.6611690302490933,1.1240749983967218,0.03341986820518624,299,0.15870616772527119,67507.56662320049,0.8004,10.545
4,62,Ensemble_contraint,units_sold_window_7j,0.17134548230517455,0.6979892891227512,1.2021299292136263,0.05100949967296298,299,0.16874725199395477,68386.26313415715,0.0,10.545
5,63,baseline_moyenne_produit,units_sold_window_7j,0.13251771460279907,0.5459729841635321,0.9758090108085536,-0.003690086640847911,300,0.14548492649842157,64809.960884771695,0.0043,10.819
5,63,baseline_mediane_produit,units_sold_window_7j,0.12378640776699029,0.51,1.0066445913694333,-0.008090614886731391,300,0.13922937661056148,64677.37333333334,0.0046,10.819
5,63,GLM_Poisson,units_sold_window_7j,0.3404448072493804,1.4026326058674472,2.0622763209396062,0.08343842606527507,300,0.32920763383289453,71241.33061863664,0.0646,10.819
5,63,GLM_Tweedie,units_sold_window_7j,0.3451525961999586,1.4220286963438293,2.124839080498832,0.07661321953198431,300,0.33832826760671414,72009.95894792063,0.0473,10.819
5,63,LightGBM_Poisson,units_sold_window_7j,0.18886852675737908,0.7781383302404019,1.3108832683619496,0.045540794922497456,300,0.19653095312688632,68760.40502561693,0.3673,10.819
5,63,LightGBM_Tweedie,units_sold_window_7j,0.17115308368719445,0.7051507047912411,1.2596174475354267,0.04239612204998718,300,0.1832579556502255,68290.14878684092,0.3753,10.819
5,63,LightGBM_L1,units_sold_window_7j,0.18611450592216572,0.7667917643993227,1.3650012531580134,0.039585985908351426,300,0.1908359325717192,68236.37118484308,0.404,10.819
5,63,LightGBM_Monotone,units_sold_window_7j,0.1729255060080716,0.7124530847532551,1.2928693070000077,0.0445372344291736,300,0.18607573591032936,68392.27996791317,0.4837,10.819
5,63,CatBoost_Poisson,units_sold_window_7j,0.16946792955754014,0.6982078697770654,1.2326755260704727,0.03924206330048477,300,0.18847363388488955,68414.07965352785,1.6575,10.819
5,63,Hurdle_zero_positif,units_sold_window_7j,0.15715888928057697,0.6474946238359771,1.17195583066646,0.04096438591123532,300,0.17354036351173116,68449.24466563728,0.5897,10.819
5,63,S_learner,units_sold_window_7j,0.17115308368719445,0.7051507047912411,1.2596174475354267,0.04239612204998718,300,0.1832579556502255,68290.14878684092,0.3963,10.819
5,63,T_learner,units_sold_window_7j,0.1511557392746279,0.622761645811467,1.0750664252829372,0.020378102445247955,300,0.1654722342405131,67642.84577539725,0.8058,10.819
5,63,Ensemble_contraint,units_sold_window_7j,0.15718865541976013,0.6476172603294117,1.1529249613501151,0.035293240928552294,300,0.1717395191874873,68161.45680298256,0.0,10.819
6,64,baseline_moyenne_produit,units_sold_window_7j,0.1350682267799267,0.5515285926847007,0.9378499241841163,0.005362580617696264,300,0.1113205324490282,64833.02979264261,0.0033,11.103
6,64,baseline_mediane_produit,units_sold_window_7j,0.12857142857142856,0.525,0.9630680142129111,-0.00040816326530612246,300,0.10618617934579405,64549.095,0.0033,11.103
6,64,GLM_Poisson,units_sold_window_7j,0.32726313461996376,1.336324466364852,1.9338280518941733,0.1014873538200664,300,0.29973136623653596,71524.35637173819,0.0574,11.103
6,64,GLM_Tweedie,units_sold_window_7j,0.3329850068524704,1.3596887779809208,1.9944609875892292,0.09145812083956575,300,0.3081505448966098,72149.98904780364,0.0507,11.103
6,64,LightGBM_Poisson,units_sold_window_7j,0.19554832448387663,0.7984889916424962,1.279602646002301,0.055548250008170486,300,0.16862772828276196,68854.67885797418,0.4239,11.103
6,64,LightGBM_Tweedie,units_sold_window_7j,0.17405500544161145,0.7107246055532467,1.2054389209894452,0.046516132391707266,300,0.14639744977763205,68263.30135114239,0.3914,11.103
6,64,LightGBM_L1,units_sold_window_7j,0.18998521432164886,0.7757729584800662,1.3255188216309304,0.044819786951372585,300,0.16255080267474187,67943.20826864586,0.4187,11.103
6,64,LightGBM_Monotone,units_sold_window_7j,0.174693982402632,0.713333761477414,1.2137422734714687,0.04630006126608898,300,0.14748005375575512,68480.34207076351,0.4834,11.103
6,64,CatBoost_Poisson,units_sold_window_7j,0.18297573018317628,0.7471508982479698,1.2383690600572677,0.0654897845291654,300,0.14372344845578736,69351.13770555594,1.6486,11.103
6,64,Hurdle_zero_positif,units_sold_window_7j,0.16628744520702365,0.6790070679286799,1.1329052251030125,0.04027018989972864,300,0.1302615927463499,67871.6183032198,0.5807,11.103
6,64,S_learner,units_sold_window_7j,0.17405500544161145,0.7107246055532467,1.2054389209894452,0.046516132391707266,300,0.14639744977763205,68263.30135114239,0.4077,11.103
6,64,T_learner,units_sold_window_7j,0.1578779736523042,0.6446683924135754,1.1141257470732546,0.02689758653161486,300,0.13083506562170114,67238.5036861582,0.7931,11.103
6,64,Ensemble_contraint,units_sold_window_7j,0.16403147319603603,0.6697951822171471,1.1245072988642884,0.037822612565810834,300,0.13227942894007552,67863.48802004717,0.0,11.103
